id,studentId,packageTypeId,branchId,firstClassDate,expiredAt,classRemaining,isDeleted,createdAt,updatedAt
pkg1,st1,pt3,b1,2025-05-25T10:22:10.005Z,,0,false,2025-05-25T10:22:10.005Z,2025-07-13T13:25:00.478Z
pkg2,st1,pt3,b1,2025-06-20T18:59:15.399Z,,1,false,2025-06-20T18:59:15.399Z,2025-07-23T21:34:33.418Z
pkg3,st1,pt1,b1,2025-05-06T22:47:02.540Z,,0,false,2025-05-06T22:47:02.540Z,2025-12-01T08:37:39.118Z
pkg4,st1,pt3,b1,2025-06-11T04:28:43.886Z,2025-09-28T08:19:10.613Z,0,false,2025-06-11T04:28:43.886Z,2025-02-05T15:11:59.277Z
pkg5,st2,pt2,b3,2025-06-06T19:02:01.646Z,,7,false,2025-06-06T19:02:01.646Z,2025-10-25T00:41:05.729Z
pkg6,st2,pt3,b3,2025-07-23T16:00:00.000Z,,0,false,2025-07-23T16:00:00.000Z,2025-10-24T15:58:01.006Z
pkg7,st2,pt2,b3,2025-05-09T20:48:48.751Z,2025-09-24T16:07:41.106Z,0,false,2025-05-09T20:48:48.751Z,2025-03-28T03:38:40.139Z
pkg8,st3,pt3,b3,2025-12-20T16:00:00.000Z,,1,false,2025-12-20T16:00:00.000Z,2025-11-12T23:50:44.554Z
pkg9,st3,pt2,b3,2025-05-20T15:23:17.794Z,,0,false,2025-05-20T15:23:17.794Z,2025-06-20T02:21:48.678Z
pkg10,st3,pt2,b3,2025-06-25T16:10:39.799Z,,0,false,2025-06-25T16:10:39.799Z,2025-05-11T16:27:52.337Z
pkg11,st4,pt1,b3,2025-06-11T11:24:07.444Z,,5,false,2025-06-11T11:24:07.444Z,2025-04-05T01:29:32.041Z
pkg12,st4,pt1,b3,2025-05-26T10:32:34.732Z,,0,false,2025-05-26T10:32:34.732Z,2025-05-15T05:02:47.482Z
pkg13,st4,pt3,b3,2025-06-19T01:26:39.084Z,,0,false,2025-06-19T01:26:39.084Z,2025-09-04T08:24:05.851Z
pkg14,st4,pt1,b3,2025-05-07T07:47:27.801Z,,0,false,2025-05-07T07:47:27.801Z,2025-09-19T19:32:58.208Z
pkg15,st5,pt3,b3,2025-05-26T09:50:44.815Z,,1,false,2025-05-26T09:50:44.815Z,2025-08-22T11:18:20.971Z
pkg16,st5,pt2,b3,2025-06-06T15:49:20.627Z,,0,false,2025-06-06T15:49:20.627Z,2025-07-12T09:28:45.407Z
pkg17,st5,pt2,b3,2025-06-05T14:51:19.644Z,,0,false,2025-06-05T14:51:19.644Z,2025-09-12T23:16:48.932Z
pkg18,st5,pt1,b3,2025-05-11T13:40:35.769Z,2025-09-25T02:01:07.021Z,0,false,2025-05-11T13:40:35.769Z,2025-05-23T20:59:39.625Z
pkg19,st6,pt3,b2,2025-04-17T03:37:53.428Z,,2,false,2025-04-17T03:37:53.428Z,2025-01-29T21:55:48.848Z
pkg20,st7,pt3,b2,2025-04-28T22:17:08.438Z,,1,false,2025-04-28T22:17:08.438Z,2025-07-29T04:08:32.029Z
pkg21,st8,pt1,b1,2025-05-08T10:43:44.456Z,,0,false,2025-05-08T10:43:44.456Z,2025-05-09T17:07:47.399Z
pkg22,st8,pt2,b1,2025-06-13T00:22:39.678Z,,6,false,2025-06-13T00:22:39.678Z,2025-01-25T19:06:00.143Z
pkg23,st8,pt1,b1,2025-05-16T15:28:06.085Z,,0,false,2025-05-16T15:28:06.085Z,2025-02-09T01:19:19.838Z
pkg24,st8,pt2,b1,2025-01-11T16:00:00.000Z,2025-11-28T14:54:28.193Z,0,false,2025-01-11T16:00:00.000Z,2025-08-31T06:56:10.731Z
pkg25,st8,pt1,b1,2025-06-21T07:20:11.760Z,,0,false,2025-06-21T07:20:11.760Z,2025-04-13T13:50:00.861Z
pkg26,st9,pt2,b3,2025-06-15T16:49:06.910Z,,1,false,2025-06-15T16:49:06.910Z,2025-01-07T10:44:28.602Z
pkg27,st9,pt1,b3,2025-05-26T21:58:51.473Z,2025-08-27T02:39:17.236Z,0,false,2025-05-26T21:58:51.473Z,2025-09-16T22:52:12.761Z
pkg28,st10,pt1,b3,2025-02-20T16:00:00.000Z,2025-11-06T19:32:23.950Z,0,false,2025-02-20T16:00:00.000Z,2025-08-19T07:10:04.258Z
pkg29,st10,pt3,b3,2025-05-05T12:19:27.595Z,,2,false,2025-05-05T12:19:27.595Z,2025-02-28T06:33:15.434Z
pkg30,st10,pt2,b3,2025-06-23T06:55:37.053Z,,0,false,2025-06-23T06:55:37.053Z,2025-10-07T23:00:57.602Z
pkg31,st11,pt2,b1,2025-04-07T16:00:00.000Z,,0,false,2025-04-07T16:00:00.000Z,2025-12-15T15:25:34.601Z
pkg32,st11,pt2,b1,2025-05-06T14:47:43.121Z,2025-11-23T20:30:07.980Z,0,false,2025-05-06T14:47:43.121Z,2025-01-30T04:30:04.305Z
pkg33,st11,pt1,b1,2025-06-02T00:17:41.351Z,,2,false,2025-06-02T00:17:41.351Z,2025-06-22T08:44:17.744Z
pkg34,st12,pt1,b3,2025-06-24T03:48:46.509Z,,7,false,2025-06-24T03:48:46.509Z,2025-12-29T23:53:05.193Z
pkg35,st12,pt3,b3,2025-05-09T01:48:46.262Z,,0,false,2025-05-09T01:48:46.262Z,2025-04-22T22:14:43.080Z
pkg36,st13,pt1,b1,2025-06-08T09:04:16.056Z,,3,false,2025-06-08T09:04:16.056Z,2025-08-07T14:50:59.926Z
pkg37,st13,pt3,b1,2025-05-28T13:32:55.351Z,2025-08-21T00:20:29.329Z,0,false,2025-05-28T13:32:55.351Z,2025-07-07T22:42:54.468Z
pkg38,st14,pt3,b2,2025-04-16T04:22:16.012Z,,1,false,2025-04-16T04:22:16.012Z,2025-04-16T02:33:22.037Z
pkg39,st15,pt1,b3,2025-06-10T11:41:59.366Z,,3,false,2025-06-10T11:41:59.366Z,2025-08-09T17:19:36.195Z
pkg40,st15,pt1,b3,2025-05-03T22:31:48.169Z,2025-07-12T20:40:44.804Z,0,false,2025-05-03T22:31:48.169Z,2025-10-25T07:51:29.673Z
pkg41,st16,pt3,b1,2025-05-25T07:57:33.878Z,,1,false,2025-05-25T07:57:33.878Z,2025-03-15T04:22:09.442Z
pkg42,st16,pt1,b1,2025-06-24T13:00:36.190Z,2025-08-20T17:25:12.272Z,0,false,2025-06-24T13:00:36.190Z,2025-08-18T09:57:43.234Z
pkg43,st16,pt2,b1,2025-05-18T06:19:35.545Z,,0,false,2025-05-18T06:19:35.545Z,2025-01-25T22:08:53.303Z
pkg44,st16,pt2,b1,2025-06-27T11:39:04.211Z,,0,false,2025-06-27T11:39:04.211Z,2025-09-19T17:35:24.898Z
pkg45,st17,pt1,b3,2025-06-25T20:47:37.350Z,,6,false,2025-06-25T20:47:37.350Z,2025-09-29T09:46:34.001Z
pkg46,st17,pt2,b3,2025-05-20T06:22:18.415Z,2025-10-01T10:19:28.289Z,0,false,2025-05-20T06:22:18.415Z,2025-02-25T01:06:08.314Z
pkg47,st18,pt1,b3,2025-06-03T14:32:53.964Z,,3,false,2025-06-03T14:32:53.964Z,2025-01-26T20:36:36.880Z
pkg48,st18,pt3,b3,2025-05-07T00:40:32.202Z,,0,false,2025-05-07T00:40:32.202Z,2025-03-15T21:53:52.458Z
pkg49,st19,pt3,b2,2025-04-25T23:56:49.138Z,,1,false,2025-04-25T23:56:49.138Z,2025-10-19T19:10:55.288Z
pkg50,st20,pt2,b1,2025-06-09T02:19:39.373Z,,10,false,2025-06-09T02:19:39.373Z,2025-06-16T08:23:42.521Z
pkg51,st20,pt3,b1,2025-05-25T04:30:43.274Z,2025-08-09T04:53:51.323Z,0,false,2025-05-25T04:30:43.274Z,2025-06-12T18:17:16.999Z
pkg52,st21,pt3,b3,2025-05-08T17:54:26.792Z,,1,false,2025-05-08T17:54:26.792Z,2025-08-05T16:05:40.070Z
pkg53,st21,pt3,b3,2025-06-20T01:06:25.207Z,2025-07-02T04:17:16.964Z,0,false,2025-06-20T01:06:25.207Z,2025-04-14T11:16:15.376Z
pkg54,st21,pt3,b3,2025-06-03T09:31:08.265Z,,0,false,2025-06-03T09:31:08.265Z,2025-11-25T15:13:23.841Z
pkg55,st21,pt1,b3,2025-05-26T20:43:08.767Z,2025-10-19T01:45:42.508Z,0,false,2025-05-26T20:43:08.767Z,2025-09-28T10:02:58.456Z
pkg56,st22,pt1,b1,2025-05-07T21:22:25.622Z,2025-12-04T17:54:10.456Z,0,false,2025-05-07T21:22:25.622Z,2025-05-15T15:10:59.586Z
pkg57,st22,pt2,b1,2025-06-16T04:39:06.352Z,2025-08-06T06:40:04.533Z,0,false,2025-06-16T04:39:06.352Z,2025-04-01T16:08:27.677Z
pkg58,st22,pt2,b1,2025-11-03T16:00:00.000Z,,0,false,2025-11-03T16:00:00.000Z,2025-04-26T14:46:39.273Z
pkg59,st23,pt3,b2,2025-04-12T11:01:43.531Z,,0,false,2025-04-12T11:01:43.531Z,2025-01-18T05:13:18.926Z
pkg60,st23,pt3,b2,2025-05-13T05:16:16.535Z,,1,false,2025-05-13T05:16:16.535Z,2025-11-16T03:39:12.121Z
pkg61,st24,pt3,b1,2025-06-10T06:41:04.347Z,,0,false,2025-06-10T06:41:04.347Z,2025-02-21T02:30:16.686Z
pkg62,st24,pt2,b1,2025-05-14T13:57:00.621Z,,0,false,2025-05-14T13:57:00.621Z,2025-10-16T17:24:03.283Z
pkg63,st24,pt2,b1,2025-06-21T06:26:53.416Z,,0,false,2025-06-21T06:26:53.416Z,2025-05-09T15:04:51.303Z
pkg64,st24,pt1,b1,2025-05-20T15:32:07.741Z,2025-08-20T17:52:10.800Z,0,false,2025-05-20T15:32:07.741Z,2025-06-20T05:22:07.516Z
pkg65,st24,pt1,b1,2025-03-24T16:00:00.000Z,,0,false,2025-03-24T16:00:00.000Z,2025-12-15T06:48:45.036Z
pkg66,st25,pt3,b1,2025-06-09T18:07:10.035Z,2025-07-10T15:58:52.861Z,0,false,2025-06-09T18:07:10.035Z,2025-06-15T15:57:10.236Z
pkg67,st25,pt1,b1,2025-05-28T06:04:50.480Z,2025-09-04T15:45:41.738Z,0,false,2025-05-28T06:04:50.480Z,2025-03-08T08:35:24.847Z
pkg68,st26,pt2,b3,2025-06-12T19:16:21.236Z,,0,false,2025-06-12T19:16:21.236Z,2025-05-24T02:00:50.290Z
pkg69,st26,pt1,b3,2025-06-28T09:44:12.752Z,,4,false,2025-06-28T09:44:12.752Z,2025-07-23T10:17:13.254Z
pkg70,st26,pt1,b3,2025-05-06T05:00:31.915Z,2025-09-28T12:13:33.223Z,0,false,2025-05-06T05:00:31.915Z,2025-07-13T19:39:01.763Z
pkg71,st26,pt3,b3,2025-05-23T14:49:15.390Z,,0,false,2025-05-23T14:49:15.390Z,2025-05-26T13:14:42.902Z
pkg72,st27,pt2,b3,2025-05-24T14:55:38.667Z,2025-07-21T17:44:31.487Z,0,false,2025-05-24T14:55:38.667Z,2025-11-12T14:34:58.821Z
pkg73,st27,pt3,b3,2025-05-25T03:51:21.187Z,2025-12-14T10:58:21.649Z,0,false,2025-05-25T03:51:21.187Z,2025-05-22T11:01:42.861Z
pkg74,st27,pt2,b3,2025-06-27T13:19:28.070Z,,4,false,2025-06-27T13:19:28.070Z,2025-09-05T16:47:26.294Z
pkg75,st27,pt2,b3,2025-10-31T16:00:00.000Z,,0,false,2025-10-31T16:00:00.000Z,2025-05-10T17:11:48.889Z
pkg76,st27,pt1,b3,2025-06-16T03:52:37.564Z,2025-12-24T14:58:13.260Z,0,false,2025-06-16T03:52:37.564Z,2025-12-25T12:27:53.259Z
pkg77,st28,pt1,b1,2025-05-21T10:09:03.767Z,,0,false,2025-05-21T10:09:03.767Z,2025-05-25T23:01:41.464Z
pkg78,st28,pt3,b1,2025-01-11T16:00:00.000Z,,0,false,2025-01-11T16:00:00.000Z,2025-03-19T18:28:24.356Z
pkg79,st28,pt1,b1,2025-06-04T07:17:47.004Z,2025-08-08T09:07:17.626Z,0,false,2025-06-04T07:17:47.004Z,2025-08-03T15:51:28.363Z
pkg80,st29,pt3,b2,2025-04-08T05:22:19.405Z,,1,false,2025-04-08T05:22:19.405Z,2025-08-26T09:30:05.344Z
pkg81,st30,pt3,b2,2025-04-13T17:32:51.494Z,,1,false,2025-04-13T17:32:51.494Z,2025-04-02T09:34:49.816Z
pkg82,st30,pt3,b2,2025-05-20T07:42:33.069Z,2025-09-27T12:51:19.347Z,0,false,2025-05-20T07:42:33.069Z,2025-02-02T23:59:17.720Z
pkg83,st31,pt3,b2,2025-04-18T10:12:54.543Z,2025-09-30T22:43:50.392Z,0,false,2025-04-18T10:12:54.543Z,2025-12-26T17:48:39.925Z
pkg84,st31,pt3,b2,2025-05-29T10:47:21.173Z,,1,false,2025-05-29T10:47:21.173Z,2025-11-29T14:02:23.690Z
pkg85,st32,pt2,b1,2025-05-11T07:29:43.991Z,2025-12-11T14:37:51.653Z,0,false,2025-05-11T07:29:43.991Z,2025-09-11T21:42:13.064Z
pkg86,st32,pt1,b1,2025-06-14T04:45:39.250Z,,0,false,2025-06-14T04:45:39.250Z,2025-10-31T02:07:46.840Z
pkg87,st32,pt3,b1,2025-05-01T07:59:25.989Z,,2,false,2025-05-01T07:59:25.989Z,2025-02-18T02:06:35.229Z
pkg88,st32,pt1,b1,2025-06-16T08:16:10.842Z,,0,false,2025-06-16T08:16:10.842Z,2025-04-29T06:24:05.738Z
pkg89,st33,pt3,b2,2025-04-23T19:07:46.721Z,,2,false,2025-04-23T19:07:46.721Z,2025-01-20T11:10:08.901Z
pkg90,st34,pt2,b1,2025-05-17T01:48:38.407Z,2025-08-04T18:43:32.443Z,0,false,2025-05-17T01:48:38.407Z,2025-12-21T01:13:24.080Z
pkg91,st34,pt1,b1,2025-06-01T08:45:47.527Z,,0,false,2025-06-01T08:45:47.527Z,2025-06-14T17:21:58.479Z
pkg92,st35,pt3,b2,2025-04-20T20:28:24.625Z,,1,false,2025-04-20T20:28:24.625Z,2025-10-19T16:22:29.307Z
pkg93,st36,pt3,b3,2025-06-25T22:34:31.891Z,,1,false,2025-06-25T22:34:31.891Z,2025-03-09T23:17:43.667Z
pkg94,st36,pt1,b3,2025-05-27T22:58:28.384Z,,0,false,2025-05-27T22:58:28.384Z,2025-04-27T19:42:06.907Z
pkg95,st36,pt3,b3,2025-10-18T16:00:00.000Z,2025-11-26T11:32:23.651Z,0,false,2025-10-18T16:00:00.000Z,2025-10-02T00:46:27.827Z
pkg96,st37,pt1,b3,2025-02-26T16:00:00.000Z,,5,false,2025-02-26T16:00:00.000Z,2025-07-10T15:37:57.798Z
pkg97,st37,pt2,b3,2025-06-04T09:53:26.869Z,,0,false,2025-06-04T09:53:26.869Z,2025-01-17T19:40:27.721Z
pkg98,st37,pt3,b3,2025-05-08T02:35:02.966Z,2025-08-15T15:31:31.327Z,0,false,2025-05-08T02:35:02.966Z,2025-11-01T04:24:17.346Z
pkg99,st38,pt3,b1,2025-05-21T02:31:45.524Z,2025-10-10T09:44:58.932Z,0,false,2025-05-21T02:31:45.524Z,2025-04-10T14:56:14.002Z
pkg100,st38,pt3,b1,2025-06-01T00:59:30.462Z,,1,false,2025-06-01T00:59:30.462Z,2025-12-16T08:52:50.413Z
pkg101,st39,pt2,b3,2025-06-11T12:41:48.057Z,,6,false,2025-06-11T12:41:48.057Z,2025-04-22T18:56:20.365Z
pkg102,st39,pt3,b3,2025-10-23T16:00:00.000Z,,0,false,2025-10-23T16:00:00.000Z,2025-07-14T04:27:11.616Z
pkg103,st39,pt1,b3,2025-05-03T22:06:57.665Z,2025-12-29T06:05:13.957Z,0,false,2025-05-03T22:06:57.665Z,2025-12-08T01:24:24.082Z
pkg104,st39,pt3,b3,2025-06-28T14:45:26.520Z,,0,false,2025-06-28T14:45:26.520Z,2025-12-02T07:29:12.276Z
pkg105,st39,pt1,b3,2025-05-20T04:23:02.835Z,2025-07-18T23:56:57.323Z,0,false,2025-05-20T04:23:02.835Z,2025-01-19T04:56:33.842Z
pkg106,st40,pt3,b1,2025-06-13T01:24:11.854Z,,1,false,2025-06-13T01:24:11.854Z,2025-08-01T18:59:47.367Z
pkg107,st40,pt3,b1,2025-05-07T03:18:10.001Z,2025-09-17T18:56:37.361Z,0,false,2025-05-07T03:18:10.001Z,2025-02-05T03:54:55.440Z
pkg108,st41,pt3,b1,2025-06-18T13:47:29.620Z,2025-12-07T20:25:21.601Z,0,false,2025-06-18T13:47:29.620Z,2025-08-26T22:56:56.117Z
pkg109,st41,pt2,b1,2025-05-23T08:33:07.646Z,,12,false,2025-05-23T08:33:07.646Z,2025-10-10T00:15:37.255Z
pkg110,st42,pt3,b2,2025-04-18T21:33:06.829Z,,1,false,2025-04-18T21:33:06.829Z,2025-02-14T04:48:50.204Z
pkg111,st43,pt2,b1,2025-06-10T13:30:11.628Z,,0,false,2025-06-10T13:30:11.628Z,2025-09-16T08:56:02.806Z
pkg112,st43,pt2,b1,2025-05-27T09:01:39.318Z,,7,false,2025-05-27T09:01:39.318Z,2025-11-29T16:46:12.973Z
pkg113,st44,pt3,b2,2025-04-06T22:51:22.059Z,,2,false,2025-04-06T22:51:22.059Z,2025-05-09T11:12:26.428Z
pkg114,st44,pt3,b2,2025-05-25T23:23:26.711Z,2025-09-13T01:47:20.960Z,0,false,2025-05-25T23:23:26.711Z,2025-06-05T03:06:30.317Z
pkg115,st45,pt3,b2,2025-04-01T04:45:56.866Z,,2,false,2025-04-01T04:45:56.866Z,2025-02-02T04:48:49.246Z
pkg116,st46,pt3,b2,2025-04-24T17:54:00.261Z,,1,false,2025-04-24T17:54:00.261Z,2025-06-04T04:12:14.103Z
pkg117,st47,pt1,b3,2025-05-28T09:23:21.907Z,,2,false,2025-05-28T09:23:21.907Z,2025-07-12T19:28:15.284Z
pkg118,st47,pt3,b3,2025-01-31T16:00:00.000Z,2025-12-07T11:51:51.889Z,0,false,2025-01-31T16:00:00.000Z,2025-05-15T23:06:10.065Z
pkg119,st47,pt2,b3,2025-06-22T11:20:26.091Z,2025-07-02T17:53:30.292Z,0,false,2025-06-22T11:20:26.091Z,2025-02-19T10:58:20.964Z
pkg120,st47,pt1,b3,2025-06-04T04:38:43.353Z,2025-11-16T13:20:54.566Z,0,false,2025-06-04T04:38:43.353Z,2025-04-04T01:23:24.510Z
pkg121,st47,pt3,b3,2025-05-20T00:33:36.901Z,2025-11-29T13:26:53.785Z,0,false,2025-05-20T00:33:36.901Z,2025-04-11T17:48:02.659Z
pkg122,st48,pt1,b3,2025-06-09T03:00:52.344Z,,0,false,2025-06-09T03:00:52.344Z,2025-12-25T17:48:30.035Z
pkg123,st48,pt3,b3,2025-05-06T16:56:46.646Z,,0,false,2025-05-06T16:56:46.646Z,2025-11-29T15:06:09.101Z
pkg124,st48,pt2,b3,2025-05-19T15:29:40.092Z,,12,false,2025-05-19T15:29:40.092Z,2025-09-10T23:43:43.774Z
pkg125,st48,pt1,b3,2025-06-03T00:09:41.134Z,,0,false,2025-06-03T00:09:41.134Z,2025-03-01T07:09:34.327Z
pkg126,st49,pt1,b1,2025-06-18T18:13:28.279Z,,3,false,2025-06-18T18:13:28.279Z,2025-12-07T00:44:30.542Z
pkg127,st49,pt1,b1,2025-05-16T02:00:15.416Z,2025-07-12T12:43:44.999Z,0,false,2025-05-16T02:00:15.416Z,2025-01-18T15:38:41.772Z
pkg128,st49,pt2,b1,2025-06-06T12:27:45.079Z,,0,false,2025-06-06T12:27:45.079Z,2025-01-28T11:12:46.687Z
pkg129,st49,pt2,b1,2025-05-28T03:36:59.727Z,2025-08-31T00:09:28.764Z,0,false,2025-05-28T03:36:59.727Z,2025-12-21T06:25:03.265Z
pkg130,st50,pt1,b1,2025-06-14T11:07:25.136Z,,5,false,2025-06-14T11:07:25.136Z,2025-07-22T13:55:28.730Z
pkg131,st50,pt3,b1,2025-05-15T11:16:23.219Z,,0,false,2025-05-15T11:16:23.219Z,2025-08-14T01:44:35.692Z
pkg132,st50,pt2,b1,2025-09-06T16:00:00.000Z,,0,false,2025-09-06T16:00:00.000Z,2025-05-21T06:13:15.542Z
pkg133,st51,pt3,b3,2025-06-15T02:26:10.218Z,,0,false,2025-06-15T02:26:10.218Z,2025-03-17T10:47:00.529Z
pkg134,st51,pt1,b3,2025-05-01T01:16:19.083Z,,1,false,2025-05-01T01:16:19.083Z,2025-01-28T06:31:24.021Z
pkg135,st51,pt2,b3,2025-11-11T16:00:00.000Z,,0,false,2025-11-11T16:00:00.000Z,2025-11-01T13:19:01.575Z
pkg136,st51,pt2,b3,2025-05-18T09:41:12.114Z,,0,false,2025-05-18T09:41:12.114Z,2025-12-21T13:38:50.229Z
pkg137,st51,pt3,b3,2025-06-23T00:03:06.248Z,2025-11-02T01:55:45.143Z,0,false,2025-06-23T00:03:06.248Z,2025-04-29T20:40:25.808Z
pkg138,st52,pt3,b2,2025-04-15T15:52:01.611Z,,1,false,2025-04-15T15:52:01.611Z,2025-05-23T13:51:29.487Z
pkg139,st53,pt2,b1,2025-05-28T10:09:09.715Z,,0,false,2025-05-28T10:09:09.715Z,2025-06-25T11:31:35.046Z
pkg140,st53,pt3,b1,2025-06-24T13:41:45.116Z,,0,false,2025-06-24T13:41:45.116Z,2025-04-20T04:11:47.745Z
pkg141,st53,pt2,b1,2025-06-03T02:14:37.340Z,,5,false,2025-06-03T02:14:37.340Z,2025-03-26T09:48:42.323Z
pkg142,st53,pt3,b1,2025-05-09T16:48:37.946Z,2025-09-18T16:51:07.289Z,0,false,2025-05-09T16:48:37.946Z,2025-07-30T05:09:53.580Z
pkg143,st54,pt3,b2,2025-04-04T03:14:06.352Z,,1,false,2025-04-04T03:14:06.352Z,2025-12-29T10:37:27.060Z
pkg144,st55,pt1,b3,2025-06-17T21:21:44.797Z,,2,false,2025-06-17T21:21:44.797Z,2025-01-16T18:46:02.507Z
pkg145,st55,pt2,b3,2025-05-09T10:11:47.956Z,,0,false,2025-05-09T10:11:47.956Z,2025-12-02T05:45:01.455Z
pkg146,st56,pt3,b3,2025-06-27T02:31:06.016Z,,0,false,2025-06-27T02:31:06.016Z,2025-01-22T09:13:39.074Z
pkg147,st56,pt3,b3,2025-05-29T14:34:37.775Z,,1,false,2025-05-29T14:34:37.775Z,2025-08-30T21:06:38.459Z
pkg148,st57,pt2,b3,2025-06-16T07:54:57.847Z,2025-08-27T00:39:24.434Z,0,false,2025-06-16T07:54:57.847Z,2025-02-01T02:38:29.321Z
pkg149,st57,pt3,b3,2025-05-02T21:19:04.443Z,,0,false,2025-05-02T21:19:04.443Z,2025-10-16T20:54:13.918Z
pkg150,st58,pt3,b1,2025-07-18T16:00:00.000Z,,0,false,2025-07-18T16:00:00.000Z,2025-05-20T03:58:46.258Z
pkg151,st58,pt3,b1,2025-05-01T04:00:36.880Z,2025-11-21T03:05:47.440Z,0,false,2025-05-01T04:00:36.880Z,2025-12-24T20:46:32.796Z
pkg152,st58,pt2,b1,2025-06-09T10:08:18.653Z,,9,false,2025-06-09T10:08:18.653Z,2025-11-13T19:36:15.254Z
pkg153,st59,pt3,b3,2025-05-14T08:22:58.039Z,,0,false,2025-05-14T08:22:58.039Z,2025-10-22T07:05:56.549Z
pkg154,st59,pt3,b3,2025-06-17T17:24:15.453Z,,2,false,2025-06-17T17:24:15.453Z,2025-03-25T00:55:05.423Z
pkg155,st60,pt3,b2,2025-04-19T13:07:03.163Z,,1,false,2025-04-19T13:07:03.163Z,2025-03-19T08:27:03.330Z
pkg156,st61,pt1,b3,2025-05-30T03:39:20.735Z,2025-08-17T18:52:45.922Z,0,false,2025-05-30T03:39:20.735Z,2025-05-04T20:27:57.133Z
pkg157,st61,pt2,b3,2025-06-16T14:15:11.479Z,,0,false,2025-06-16T14:15:11.479Z,2025-01-03T15:10:31.406Z
pkg158,st62,pt3,b3,2025-05-14T04:23:01.143Z,,2,false,2025-05-14T04:23:01.143Z,2025-03-15T10:35:32.829Z
pkg159,st62,pt2,b3,2025-05-26T10:23:06.693Z,,0,false,2025-05-26T10:23:06.693Z,2025-01-02T20:08:03.806Z
pkg160,st62,pt1,b3,2025-06-29T05:38:22.314Z,2025-09-26T14:15:10.422Z,0,false,2025-06-29T05:38:22.314Z,2025-09-06T09:22:51.377Z
pkg161,st62,pt2,b3,2025-06-19T07:24:29.426Z,2025-11-26T15:47:18.933Z,0,false,2025-06-19T07:24:29.426Z,2025-02-07T16:58:17.657Z
pkg162,st63,pt1,b1,2025-06-15T16:06:17.924Z,,1,false,2025-06-15T16:06:17.924Z,2025-07-11T07:47:26.164Z
pkg163,st63,pt2,b1,2025-05-24T18:52:44.897Z,,0,false,2025-05-24T18:52:44.897Z,2025-04-04T21:34:54.488Z
pkg164,st63,pt2,b1,2025-12-27T16:00:00.000Z,2025-12-09T14:38:18.362Z,0,false,2025-12-27T16:00:00.000Z,2025-10-03T03:06:02.476Z
pkg165,st64,pt3,b1,2025-06-19T02:39:52.735Z,,2,false,2025-06-19T02:39:52.735Z,2025-03-27T13:23:50.713Z
pkg166,st64,pt2,b1,2025-05-03T03:32:32.794Z,,0,false,2025-05-03T03:32:32.794Z,2025-01-20T23:20:42.504Z
pkg167,st64,pt3,b1,2025-06-21T14:17:14.952Z,2025-11-14T15:18:35.767Z,0,false,2025-06-21T14:17:14.952Z,2025-10-21T00:33:48.754Z
pkg168,st64,pt2,b1,2025-05-06T20:55:17.261Z,,0,false,2025-05-06T20:55:17.261Z,2025-12-14T17:34:49.444Z
pkg169,st65,pt3,b2,2025-04-18T22:41:19.366Z,,2,false,2025-04-18T22:41:19.366Z,2025-09-04T13:12:50.055Z
pkg170,st65,pt3,b2,2025-06-03T10:56:04.746Z,2025-07-04T23:26:03.954Z,0,false,2025-06-03T10:56:04.746Z,2025-05-26T04:13:55.763Z
pkg171,st66,pt3,b3,2025-06-25T15:52:59.034Z,,1,false,2025-06-25T15:52:59.034Z,2025-09-03T22:47:46.819Z
pkg172,st66,pt2,b3,2025-05-07T13:34:02.418Z,2025-10-14T02:11:04.054Z,0,false,2025-05-07T13:34:02.418Z,2025-05-06T12:05:49.704Z
pkg173,st66,pt1,b3,2025-05-16T08:54:44.088Z,2025-11-15T05:04:46.445Z,0,false,2025-05-16T08:54:44.088Z,2025-01-20T18:38:54.556Z
pkg174,st66,pt3,b3,2025-06-29T12:35:05.291Z,,0,false,2025-06-29T12:35:05.291Z,2025-10-17T00:02:26.006Z
pkg175,st67,pt3,b1,2025-05-20T09:36:47.884Z,2025-09-30T06:36:17.089Z,0,false,2025-05-20T09:36:47.884Z,2025-03-14T06:01:35.301Z
pkg176,st67,pt1,b1,2025-06-25T02:44:13.283Z,,5,false,2025-06-25T02:44:13.283Z,2025-05-01T23:31:36.739Z
pkg177,st68,pt3,b2,2025-04-29T21:03:49.295Z,,2,false,2025-04-29T21:03:49.295Z,2025-11-19T21:26:48.798Z
pkg178,st68,pt3,b2,2025-06-09T13:24:51.313Z,,0,false,2025-06-09T13:24:51.313Z,2025-06-18T12:56:55.392Z
pkg179,st69,pt3,b2,2025-04-24T21:27:04.689Z,,2,false,2025-04-24T21:27:04.689Z,2025-02-05T11:40:42.320Z
pkg180,st70,pt1,b1,2025-05-17T06:21:25.222Z,,6,false,2025-05-17T06:21:25.222Z,2025-05-03T09:06:02.276Z
pkg181,st70,pt2,b1,2025-06-16T22:13:31.090Z,,0,false,2025-06-16T22:13:31.090Z,2025-10-01T19:08:29.043Z
pkg182,st70,pt2,b1,2025-06-18T06:31:16.632Z,2025-11-21T08:12:17.183Z,0,false,2025-06-18T06:31:16.632Z,2025-11-26T11:22:37.723Z
pkg183,st70,pt2,b1,2025-05-09T12:51:07.188Z,2025-11-14T01:37:31.370Z,0,false,2025-05-09T12:51:07.188Z,2025-01-30T18:16:09.635Z
pkg184,st70,pt1,b1,2025-10-18T16:00:00.000Z,,0,false,2025-10-18T16:00:00.000Z,2025-10-20T12:43:55.779Z
pkg185,st71,pt3,b1,2025-01-05T16:00:00.000Z,,0,false,2025-01-05T16:00:00.000Z,2025-05-01T23:39:13.106Z
pkg186,st71,pt2,b1,2025-05-04T13:04:11.641Z,,0,false,2025-05-04T13:04:11.641Z,2025-06-10T22:08:06.674Z
pkg187,st71,pt1,b1,2025-06-22T06:01:29.976Z,,0,false,2025-06-22T06:01:29.976Z,2025-01-19T16:47:04.350Z
pkg188,st71,pt1,b1,2025-06-11T20:44:51.467Z,2025-07-10T04:08:05.451Z,0,false,2025-06-11T20:44:51.467Z,2025-07-02T19:50:42.922Z
pkg189,st71,pt3,b1,2025-05-30T17:03:16.828Z,,1,false,2025-05-30T17:03:16.828Z,2025-07-19T01:20:46.443Z
pkg190,st72,pt3,b2,2025-04-22T09:17:29.520Z,,1,false,2025-04-22T09:17:29.520Z,2025-02-16T21:19:54.181Z
pkg191,st73,pt1,b3,2025-05-09T01:02:43.743Z,,0,false,2025-05-09T01:02:43.743Z,2025-05-10T18:35:20.342Z
pkg192,st73,pt3,b3,2025-10-23T16:00:00.000Z,,2,false,2025-10-23T16:00:00.000Z,2025-10-26T01:02:50.576Z
pkg193,st73,pt2,b3,2025-06-03T19:33:46.221Z,,0,false,2025-06-03T19:33:46.221Z,2025-06-05T04:41:14.298Z
pkg194,st73,pt1,b3,2025-06-21T12:09:27.400Z,2025-07-26T03:36:47.075Z,0,false,2025-06-21T12:09:27.400Z,2025-12-22T22:30:56.239Z
pkg195,st73,pt3,b3,2025-05-12T17:38:28.853Z,2025-07-25T02:16:28.812Z,0,false,2025-05-12T17:38:28.853Z,2025-05-13T11:11:31.703Z
pkg196,st74,pt1,b1,2025-05-29T00:37:40.592Z,,4,false,2025-05-29T00:37:40.592Z,2025-09-27T11:23:43.036Z
pkg197,st74,pt3,b1,2025-06-07T04:03:56.504Z,2025-07-01T12:37:58.041Z,0,false,2025-06-07T04:03:56.504Z,2025-06-26T10:53:57.095Z
pkg198,st74,pt3,b1,2025-05-06T10:51:06.820Z,,0,false,2025-05-06T10:51:06.820Z,2025-07-01T23:11:42.880Z
pkg199,st74,pt3,b1,2025-03-22T16:00:00.000Z,,0,false,2025-03-22T16:00:00.000Z,2025-09-30T10:54:27.425Z
pkg200,st74,pt2,b1,2025-06-10T08:30:30.437Z,,0,false,2025-06-10T08:30:30.437Z,2025-10-11T14:47:34.553Z
pkg201,st75,pt3,b2,2025-04-10T16:54:49.658Z,,2,false,2025-04-10T16:54:49.658Z,2025-03-17T02:29:24.333Z
pkg202,st75,pt3,b2,2025-06-11T00:43:43.401Z,,0,false,2025-06-11T00:43:43.401Z,2025-10-06T16:39:16.986Z
pkg203,st76,pt1,b3,2025-05-19T00:16:36.165Z,,2,false,2025-05-19T00:16:36.165Z,2025-05-20T23:23:42.771Z
pkg204,st76,pt3,b3,2025-03-03T16:00:00.000Z,2025-09-11T12:14:45.725Z,0,false,2025-03-03T16:00:00.000Z,2025-06-30T14:58:51.710Z
pkg205,st76,pt1,b3,2025-06-22T04:37:38.154Z,,0,false,2025-06-22T04:37:38.154Z,2025-12-17T08:07:48.358Z
pkg206,st76,pt2,b3,2025-05-25T18:28:35.348Z,,0,false,2025-05-25T18:28:35.348Z,2025-02-06T16:19:45.002Z
pkg207,st76,pt3,b3,2025-06-18T10:11:09.392Z,2025-08-05T15:45:16.723Z,0,false,2025-06-18T10:11:09.392Z,2025-12-10T03:33:12.751Z
pkg208,st77,pt3,b2,2025-04-03T21:03:19.733Z,,1,false,2025-04-03T21:03:19.733Z,2025-07-11T10:39:33.338Z
pkg209,st77,pt3,b2,2025-06-12T07:11:56.116Z,2025-10-05T21:29:14.986Z,0,false,2025-06-12T07:11:56.116Z,2025-06-28T05:44:53.080Z
pkg210,st78,pt3,b3,2025-05-23T02:52:18.676Z,,2,false,2025-05-23T02:52:18.676Z,2025-01-19T09:26:03.264Z
pkg211,st78,pt3,b3,2025-12-13T16:00:00.000Z,,0,false,2025-12-13T16:00:00.000Z,2025-04-24T01:10:29.081Z
pkg212,st78,pt1,b3,2025-06-09T03:36:59.177Z,,0,false,2025-06-09T03:36:59.177Z,2025-05-23T10:43:10.742Z
pkg213,st79,pt1,b1,2025-08-21T16:00:00.000Z,2025-10-19T12:59:46.940Z,0,false,2025-08-21T16:00:00.000Z,2025-05-23T20:11:11.520Z
pkg214,st79,pt2,b1,2025-05-19T22:42:43.250Z,,0,false,2025-05-19T22:42:43.250Z,2025-07-10T03:52:29.695Z
pkg215,st79,pt2,b1,2025-06-16T04:04:23.037Z,,11,false,2025-06-16T04:04:23.037Z,2025-09-23T03:22:56.564Z
pkg216,st80,pt1,b1,2025-05-05T04:45:08.292Z,,0,false,2025-05-05T04:45:08.292Z,2025-09-27T02:33:43.746Z
pkg217,st80,pt2,b1,2025-06-10T08:29:18.094Z,,6,false,2025-06-10T08:29:18.094Z,2025-09-26T01:09:58.801Z
pkg218,st81,pt1,b1,2025-06-20T01:47:45.117Z,2025-11-17T18:24:53.973Z,0,false,2025-06-20T01:47:45.117Z,2025-04-23T09:38:02.528Z
pkg219,st81,pt2,b1,2025-05-08T12:29:21.787Z,2025-08-31T20:21:43.622Z,0,false,2025-05-08T12:29:21.787Z,2025-08-16T00:41:07.111Z
pkg220,st81,pt1,b1,2025-09-19T16:00:00.000Z,,3,false,2025-09-19T16:00:00.000Z,2025-10-20T01:05:29.225Z
pkg221,st82,pt2,b1,2025-06-20T00:08:20.018Z,,8,false,2025-06-20T00:08:20.018Z,2025-11-21T14:08:51.880Z
pkg222,st82,pt1,b1,2025-10-16T16:00:00.000Z,,0,false,2025-10-16T16:00:00.000Z,2025-09-03T08:11:29.284Z
pkg223,st82,pt2,b1,2025-05-04T20:45:13.850Z,,0,false,2025-05-04T20:45:13.850Z,2025-12-19T03:25:04.293Z
pkg224,st83,pt2,b1,2025-06-14T12:57:24.373Z,,4,false,2025-06-14T12:57:24.373Z,2025-08-11T08:48:54.814Z
pkg225,st83,pt1,b1,2025-05-06T23:54:36.735Z,2025-09-04T07:33:32.438Z,0,false,2025-05-06T23:54:36.735Z,2025-03-25T11:06:08.139Z
pkg226,st84,pt1,b1,2025-06-24T11:37:18.849Z,,4,false,2025-06-24T11:37:18.849Z,2025-10-10T11:41:16.861Z
pkg227,st84,pt1,b1,2025-05-11T19:59:13.707Z,2025-12-29T17:59:43.556Z,0,false,2025-05-11T19:59:13.707Z,2025-05-03T10:10:20.218Z
pkg228,st85,pt2,b3,2025-05-15T00:12:12.344Z,2025-11-14T11:26:05.541Z,0,false,2025-05-15T00:12:12.344Z,2025-04-23T05:49:41.900Z
pkg229,st85,pt2,b3,2025-05-13T12:28:03.414Z,2025-10-19T06:28:09.032Z,0,false,2025-05-13T12:28:03.414Z,2025-06-06T07:35:34.714Z
pkg230,st85,pt2,b3,2025-06-24T03:35:09.377Z,,0,false,2025-06-24T03:35:09.377Z,2025-06-18T06:49:53.234Z
pkg231,st85,pt3,b3,2025-06-21T04:32:48.937Z,,0,false,2025-06-21T04:32:48.937Z,2025-05-03T22:47:11.543Z
pkg232,st86,pt2,b1,2025-05-25T16:53:58.007Z,,9,false,2025-05-25T16:53:58.007Z,2025-10-29T05:13:16.328Z
pkg233,st86,pt3,b1,2025-06-06T07:42:58.711Z,,0,false,2025-06-06T07:42:58.711Z,2025-09-20T08:45:54.601Z
pkg234,st86,pt2,b1,2025-05-25T16:20:56.132Z,,0,false,2025-05-25T16:20:56.132Z,2025-12-29T19:31:43.413Z
pkg235,st86,pt2,b1,2025-06-24T10:53:55.168Z,,0,false,2025-06-24T10:53:55.168Z,2025-03-20T03:50:38.839Z
pkg236,st87,pt1,b1,2025-05-27T20:47:49.123Z,,3,false,2025-05-27T20:47:49.123Z,2025-05-12T04:14:00.145Z
pkg237,st87,pt2,b1,2025-05-07T18:53:53.412Z,2025-09-02T01:33:35.801Z,0,false,2025-05-07T18:53:53.412Z,2025-06-21T01:48:29.091Z
pkg238,st87,pt2,b1,2025-06-28T17:11:26.512Z,,0,false,2025-06-28T17:11:26.512Z,2025-06-13T23:37:48.361Z
pkg239,st87,pt2,b1,2025-06-11T02:06:41.919Z,,0,false,2025-06-11T02:06:41.919Z,2025-04-13T01:51:27.234Z
pkg240,st88,pt3,b3,2025-05-27T08:21:10.181Z,2025-09-22T05:37:03.183Z,0,false,2025-05-27T08:21:10.181Z,2025-02-19T03:21:20.289Z
pkg241,st88,pt1,b3,2025-05-02T07:01:47.821Z,,2,false,2025-05-02T07:01:47.821Z,2025-06-01T18:56:00.872Z
pkg242,st88,pt3,b3,2025-06-10T16:31:51.458Z,2025-11-06T02:04:59.869Z,0,false,2025-06-10T16:31:51.458Z,2025-07-21T02:06:33.204Z
pkg243,st88,pt3,b3,2025-06-27T00:29:43.676Z,,0,false,2025-06-27T00:29:43.676Z,2025-06-02T18:44:40.498Z
pkg244,st88,pt2,b3,2025-07-17T16:00:00.000Z,2025-09-16T16:06:56.610Z,0,false,2025-07-17T16:00:00.000Z,2025-05-30T02:38:10.124Z
pkg245,st89,pt3,b2,2025-04-20T14:08:58.911Z,2025-08-13T06:20:03.563Z,0,false,2025-04-20T14:08:58.911Z,2025-06-09T19:13:43.631Z
pkg246,st89,pt3,b2,2025-05-01T04:24:28.352Z,,1,false,2025-05-01T04:24:28.352Z,2025-02-01T03:49:47.428Z
pkg247,st90,pt3,b2,2025-04-16T08:09:11.285Z,,1,false,2025-04-16T08:09:11.285Z,2025-08-27T12:09:51.852Z
pkg248,st91,pt3,b2,2025-04-11T17:15:01.436Z,,1,false,2025-04-11T17:15:01.436Z,2025-03-14T23:15:21.632Z
pkg249,st92,pt3,b2,2025-04-02T07:50:20.665Z,,1,false,2025-04-02T07:50:20.665Z,2025-03-19T18:57:49.951Z
pkg250,st92,pt3,b2,2025-05-21T13:58:28.703Z,2025-08-25T09:07:16.967Z,0,false,2025-05-21T13:58:28.703Z,2025-11-29T07:51:53.788Z
pkg251,st93,pt3,b2,2025-04-13T22:25:43.123Z,,1,false,2025-04-13T22:25:43.123Z,2025-01-22T02:53:09.473Z
pkg252,st94,pt3,b3,2025-06-24T23:23:50.903Z,2025-10-24T22:06:13.110Z,0,false,2025-06-24T23:23:50.903Z,2025-06-30T16:42:44.670Z
pkg253,st94,pt3,b3,2025-05-29T07:48:11.269Z,,2,false,2025-05-29T07:48:11.269Z,2025-10-18T22:58:04.573Z
pkg254,st95,pt2,b1,2025-06-09T13:10:18.240Z,,0,false,2025-06-09T13:10:18.240Z,2025-06-10T18:12:46.057Z
pkg255,st95,pt2,b1,2025-05-14T12:05:33.754Z,,12,false,2025-05-14T12:05:33.754Z,2025-02-04T16:13:31.400Z
pkg256,st96,pt2,b1,2025-05-02T02:31:40.984Z,,3,false,2025-05-02T02:31:40.984Z,2025-05-07T03:55:44.599Z
pkg257,st96,pt1,b1,2025-06-01T22:19:26.530Z,,0,false,2025-06-01T22:19:26.530Z,2025-01-10T08:43:16.189Z
pkg258,st97,pt2,b1,2025-06-16T17:07:07.341Z,,0,false,2025-06-16T17:07:07.341Z,2025-01-27T23:13:33.054Z
pkg259,st97,pt2,b1,2025-06-24T23:08:13.217Z,,5,false,2025-06-24T23:08:13.217Z,2025-06-05T12:04:44.030Z
pkg260,st97,pt3,b1,2025-05-20T07:52:50.802Z,2025-09-24T16:50:19.697Z,0,false,2025-05-20T07:52:50.802Z,2025-06-17T14:32:28.193Z
pkg261,st97,pt2,b1,2025-05-01T04:55:28.072Z,2025-11-29T02:22:21.193Z,0,false,2025-05-01T04:55:28.072Z,2025-09-27T18:17:14.456Z
pkg262,st98,pt3,b3,2025-05-11T07:52:08.517Z,2025-09-30T18:05:20.476Z,0,false,2025-05-11T07:52:08.517Z,2025-12-02T22:50:44.784Z
pkg263,st98,pt2,b3,2025-06-15T10:03:39.995Z,,0,false,2025-06-15T10:03:39.995Z,2025-07-15T01:21:57.446Z
pkg264,st98,pt1,b3,2025-05-13T22:22:48.050Z,,8,false,2025-05-13T22:22:48.050Z,2025-09-30T02:42:32.665Z
pkg265,st98,pt2,b3,2025-06-29T11:27:05.728Z,,0,false,2025-06-29T11:27:05.728Z,2025-12-01T13:55:51.598Z
pkg266,st99,pt2,b3,2025-05-04T03:35:21.315Z,,9,false,2025-05-04T03:35:21.315Z,2025-05-06T04:42:32.951Z
pkg267,st99,pt1,b3,2025-06-23T17:24:55.046Z,2025-11-17T11:15:47.687Z,0,false,2025-06-23T17:24:55.046Z,2025-12-24T06:43:20.585Z
pkg268,st100,pt3,b2,2025-04-08T17:32:06.103Z,,2,false,2025-04-08T17:32:06.103Z,2025-04-04T17:08:01.790Z
pkg269,st100,pt3,b2,2025-05-27T16:53:41.377Z,,0,false,2025-05-27T16:53:41.377Z,2025-09-08T16:41:27.815Z
pkg270,st101,pt1,b3,2025-05-16T17:59:26.223Z,,0,false,2025-05-16T17:59:26.223Z,2025-03-31T20:34:24.062Z
pkg271,st101,pt3,b3,2025-06-12T17:15:13.329Z,,1,false,2025-06-12T17:15:13.329Z,2025-11-08T13:20:58.333Z
pkg272,st102,pt2,b3,2025-05-17T18:08:22.514Z,2025-10-14T16:56:25.167Z,0,false,2025-05-17T18:08:22.514Z,2025-10-15T09:34:35.212Z
pkg273,st102,pt1,b3,2025-03-06T16:00:00.000Z,,0,false,2025-03-06T16:00:00.000Z,2025-11-19T14:27:49.044Z
pkg274,st102,pt1,b3,2025-06-18T02:14:06.323Z,,0,false,2025-06-18T02:14:06.323Z,2025-08-28T05:21:24.554Z
pkg275,st103,pt1,b3,2025-05-14T01:47:04.696Z,,0,false,2025-05-14T01:47:04.696Z,2025-10-28T15:35:13.701Z
pkg276,st103,pt1,b3,2025-06-05T12:08:55.750Z,,0,false,2025-06-05T12:08:55.750Z,2025-01-15T03:15:08.703Z
pkg277,st103,pt2,b3,2025-09-09T16:00:00.000Z,2025-08-14T16:56:30.070Z,0,false,2025-09-09T16:00:00.000Z,2025-02-14T22:30:38.164Z
pkg278,st104,pt3,b3,2025-05-06T00:52:04.288Z,,1,false,2025-05-06T00:52:04.288Z,2025-09-07T13:44:59.577Z
pkg279,st104,pt2,b3,2025-07-02T16:00:00.000Z,2025-10-10T15:28:52.583Z,0,false,2025-07-02T16:00:00.000Z,2025-12-18T15:21:02.468Z
pkg280,st104,pt1,b3,2025-06-06T00:35:14.820Z,2025-08-16T19:00:18.411Z,0,false,2025-06-06T00:35:14.820Z,2025-06-20T02:41:30.971Z
pkg281,st104,pt2,b3,2025-06-17T18:50:17.584Z,2025-12-17T12:31:03.198Z,0,false,2025-06-17T18:50:17.584Z,2025-05-10T16:48:37.564Z
pkg282,st104,pt2,b3,2025-05-13T04:05:11.743Z,,0,false,2025-05-13T04:05:11.743Z,2025-01-18T06:17:44.664Z
pkg283,st105,pt3,b2,2025-04-21T19:29:21.186Z,,2,false,2025-04-21T19:29:21.186Z,2025-07-27T06:46:59.205Z
pkg284,st106,pt1,b3,2025-06-06T06:15:11.664Z,,0,false,2025-06-06T06:15:11.664Z,2025-11-26T14:18:26.426Z
pkg285,st106,pt2,b3,2025-06-03T22:52:55.957Z,,0,false,2025-06-03T22:52:55.957Z,2025-04-03T23:35:49.562Z
pkg286,st106,pt2,b3,2025-02-03T16:00:00.000Z,2025-07-28T01:31:19.692Z,0,false,2025-02-03T16:00:00.000Z,2025-12-22T22:37:02.091Z
pkg287,st106,pt1,b3,2025-05-10T03:57:44.826Z,2025-09-14T05:54:54.827Z,0,false,2025-05-10T03:57:44.826Z,2025-07-03T03:37:22.907Z
pkg288,st106,pt1,b3,2025-05-03T08:46:22.615Z,,6,false,2025-05-03T08:46:22.615Z,2025-05-16T12:06:14.960Z
pkg289,st107,pt3,b2,2025-04-28T11:10:01.287Z,,2,false,2025-04-28T11:10:01.287Z,2025-02-26T22:35:00.272Z
pkg290,st108,pt2,b3,2025-03-11T16:00:00.000Z,,2,false,2025-03-11T16:00:00.000Z,2025-11-17T17:26:49.614Z
pkg291,st108,pt1,b3,2025-05-28T06:37:38.658Z,2025-10-18T22:00:29.001Z,0,false,2025-05-28T06:37:38.658Z,2025-02-03T18:31:16.443Z
pkg292,st108,pt1,b3,2025-06-26T13:15:42.533Z,,0,false,2025-06-26T13:15:42.533Z,2025-03-20T09:06:47.611Z
pkg293,st109,pt3,b2,2025-04-16T23:38:56.374Z,,1,false,2025-04-16T23:38:56.374Z,2025-02-11T23:12:39.650Z
pkg294,st110,pt3,b2,2025-04-06T13:27:14.014Z,,2,false,2025-04-06T13:27:14.014Z,2025-12-11T13:29:08.319Z
pkg295,st110,pt3,b2,2025-06-23T17:34:45.016Z,2025-08-14T10:27:26.330Z,0,false,2025-06-23T17:34:45.016Z,2025-10-23T16:36:25.690Z
pkg296,st111,pt3,b2,2025-04-12T15:55:15.057Z,,0,false,2025-04-12T15:55:15.057Z,2025-09-26T09:02:48.889Z
pkg297,st111,pt3,b2,2025-05-01T06:34:51.070Z,,1,false,2025-05-01T06:34:51.070Z,2025-10-13T09:48:01.818Z
pkg298,st112,pt1,b3,2025-06-05T06:28:34.156Z,,0,false,2025-06-05T06:28:34.156Z,2025-10-13T17:17:44.728Z
pkg299,st112,pt1,b3,2025-05-27T05:13:37.726Z,,7,false,2025-05-27T05:13:37.726Z,2025-09-29T13:05:41.600Z
pkg300,st112,pt2,b3,2025-05-28T22:21:35.793Z,,0,false,2025-05-28T22:21:35.793Z,2025-06-04T23:29:11.842Z
pkg301,st112,pt2,b3,2025-06-01T18:31:14.861Z,2025-12-07T02:02:26.172Z,0,false,2025-06-01T18:31:14.861Z,2025-02-07T09:22:42.209Z
pkg302,st113,pt3,b2,2025-04-07T17:18:18.778Z,2025-08-31T06:45:07.222Z,0,false,2025-04-07T17:18:18.778Z,2025-01-10T14:07:04.848Z
pkg303,st113,pt3,b2,2025-05-22T12:03:35.911Z,,1,false,2025-05-22T12:03:35.911Z,2025-08-08T01:42:38.040Z
pkg304,st114,pt2,b3,2024-12-31T16:00:00.000Z,,12,false,2024-12-31T16:00:00.000Z,2025-06-12T04:18:09.010Z
pkg305,st114,pt3,b3,2025-05-08T02:30:54.157Z,,0,false,2025-05-08T02:30:54.157Z,2025-08-20T23:57:53.633Z
pkg306,st114,pt2,b3,2025-06-06T13:34:18.426Z,2025-10-28T02:00:31.741Z,0,false,2025-06-06T13:34:18.426Z,2025-02-18T05:47:08.449Z
pkg307,st115,pt3,b3,2025-05-05T08:24:05.502Z,,0,false,2025-05-05T08:24:05.502Z,2025-12-24T16:27:28.062Z
pkg308,st115,pt3,b3,2025-05-22T01:46:27.191Z,,2,false,2025-05-22T01:46:27.191Z,2025-09-21T20:42:02.637Z
pkg309,st115,pt2,b3,2025-06-10T07:24:05.368Z,2025-11-05T03:07:48.386Z,0,false,2025-06-10T07:24:05.368Z,2025-10-01T02:36:47.036Z
pkg310,st115,pt3,b3,2025-06-01T12:10:13.256Z,2025-07-25T10:52:05.886Z,0,false,2025-06-01T12:10:13.256Z,2025-04-23T04:25:20.314Z
pkg311,st116,pt3,b2,2025-04-10T08:13:16.353Z,2025-09-14T06:18:25.090Z,0,false,2025-04-10T08:13:16.353Z,2025-09-13T19:45:20.967Z
pkg312,st116,pt3,b2,2025-06-18T11:45:59.118Z,,2,false,2025-06-18T11:45:59.118Z,2025-10-10T08:19:55.504Z
pkg313,st117,pt1,b1,2025-06-08T16:47:15.151Z,,5,false,2025-06-08T16:47:15.151Z,2025-03-23T09:23:10.591Z
pkg314,st117,pt2,b1,2025-05-03T19:36:15.688Z,,0,false,2025-05-03T19:36:15.688Z,2025-10-18T18:43:01.661Z
pkg315,st117,pt1,b1,2025-06-10T01:16:53.108Z,,0,false,2025-06-10T01:16:53.108Z,2025-08-10T07:45:32.193Z
pkg316,st117,pt3,b1,2025-05-27T00:05:21.137Z,2025-10-03T15:57:05.543Z,0,false,2025-05-27T00:05:21.137Z,2025-05-03T17:58:40.445Z
pkg317,st118,pt2,b1,2025-05-24T02:31:46.810Z,,10,false,2025-05-24T02:31:46.810Z,2025-03-31T20:42:01.795Z
pkg318,st118,pt2,b1,2025-06-24T05:19:05.381Z,2025-09-12T04:11:03.659Z,0,false,2025-06-24T05:19:05.381Z,2025-03-05T02:34:34.752Z
pkg319,st118,pt3,b1,2025-05-25T05:05:01.500Z,,0,false,2025-05-25T05:05:01.500Z,2025-03-30T17:15:44.213Z
pkg320,st118,pt1,b1,2025-06-27T07:11:53.781Z,2025-12-21T00:16:24.051Z,0,false,2025-06-27T07:11:53.781Z,2025-05-19T05:54:51.552Z
pkg321,st118,pt1,b1,2025-10-25T16:00:00.000Z,,0,false,2025-10-25T16:00:00.000Z,2025-04-22T08:04:39.065Z
pkg322,st119,pt3,b2,2025-04-12T15:30:02.856Z,,1,false,2025-04-12T15:30:02.856Z,2025-05-16T23:45:29.210Z
pkg323,st120,pt3,b3,2025-06-08T14:50:39.864Z,,1,false,2025-06-08T14:50:39.864Z,2025-02-26T14:21:46.841Z
pkg324,st120,pt2,b3,2025-05-21T17:41:03.619Z,,0,false,2025-05-21T17:41:03.619Z,2025-03-05T12:32:02.695Z
pkg325,st120,pt3,b3,2025-05-22T20:41:37.473Z,2025-07-20T15:07:54.826Z,0,false,2025-05-22T20:41:37.473Z,2025-04-11T06:12:43.758Z
pkg326,st120,pt2,b3,2025-06-03T12:07:58.675Z,2025-11-11T12:21:53.388Z,0,false,2025-06-03T12:07:58.675Z,2025-09-12T21:00:00.127Z
pkg327,st121,pt2,b1,2025-05-13T06:56:58.946Z,,0,false,2025-05-13T06:56:58.946Z,2025-03-02T10:01:50.284Z
pkg328,st121,pt2,b1,2025-06-13T05:37:29.077Z,,0,false,2025-06-13T05:37:29.077Z,2025-12-27T03:45:52.847Z
pkg329,st121,pt2,b1,2025-06-16T04:24:03.763Z,2025-08-31T15:44:35.526Z,0,false,2025-06-16T04:24:03.763Z,2025-10-19T11:45:13.142Z
pkg330,st121,pt2,b1,2025-05-03T11:51:58.978Z,,4,false,2025-05-03T11:51:58.978Z,2025-01-23T18:58:08.555Z
pkg331,st122,pt3,b1,2025-06-28T08:00:34.941Z,,0,false,2025-06-28T08:00:34.941Z,2025-03-11T23:10:07.727Z
pkg332,st122,pt3,b1,2025-05-15T12:14:18.167Z,2025-11-12T23:30:16.782Z,0,false,2025-05-15T12:14:18.167Z,2025-07-24T04:36:21.704Z
pkg333,st122,pt1,b1,2025-05-25T05:40:58.090Z,,7,false,2025-05-25T05:40:58.090Z,2025-09-07T17:15:45.030Z
pkg334,st122,pt2,b1,2025-06-23T13:59:16.732Z,2025-07-22T15:40:08.751Z,0,false,2025-06-23T13:59:16.732Z,2025-02-20T09:08:30.813Z
pkg335,st122,pt3,b1,2025-01-23T16:00:00.000Z,,0,false,2025-01-23T16:00:00.000Z,2025-11-10T17:32:09.804Z
pkg336,st123,pt3,b2,2025-04-19T08:06:51.628Z,,1,false,2025-04-19T08:06:51.628Z,2025-01-21T11:06:34.816Z
pkg337,st124,pt1,b3,2025-06-10T06:23:53.917Z,,7,false,2025-06-10T06:23:53.917Z,2025-02-17T21:54:34.420Z
pkg338,st124,pt2,b3,2025-07-12T16:00:00.000Z,2025-10-21T02:21:37.046Z,0,false,2025-07-12T16:00:00.000Z,2025-03-07T05:32:04.163Z
pkg339,st124,pt1,b3,2025-05-30T02:40:08.687Z,2025-11-15T06:00:44.746Z,0,false,2025-05-30T02:40:08.687Z,2025-09-12T20:54:52.367Z
pkg340,st125,pt1,b1,2025-05-26T14:15:37.942Z,,2,false,2025-05-26T14:15:37.942Z,2025-10-26T08:06:35.166Z
pkg341,st125,pt3,b1,2025-06-03T09:19:40.375Z,2025-07-14T19:37:19.436Z,0,false,2025-06-03T09:19:40.375Z,2025-08-31T04:53:44.940Z
pkg342,st125,pt3,b1,2025-05-04T06:08:18.218Z,,0,false,2025-05-04T06:08:18.218Z,2025-04-28T00:46:50.117Z
pkg343,st125,pt1,b1,2025-06-08T02:11:16.219Z,2025-10-11T11:39:46.112Z,0,false,2025-06-08T02:11:16.219Z,2025-12-30T06:11:03.489Z
pkg344,st125,pt2,b1,2025-01-06T16:00:00.000Z,2025-08-10T00:27:40.700Z,0,false,2025-01-06T16:00:00.000Z,2025-07-04T09:27:58.680Z
pkg345,st126,pt3,b2,2025-04-14T15:20:05.468Z,2025-12-04T04:43:56.217Z,0,false,2025-04-14T15:20:05.468Z,2025-07-14T22:49:44.424Z
pkg346,st126,pt3,b2,2025-05-07T13:31:36.571Z,,1,false,2025-05-07T13:31:36.571Z,2025-09-30T05:44:57.919Z
pkg347,st127,pt2,b3,2025-05-18T17:42:31.207Z,,0,false,2025-05-18T17:42:31.207Z,2025-08-01T15:05:07.785Z
pkg348,st127,pt2,b3,2025-06-23T04:30:50.145Z,,0,false,2025-06-23T04:30:50.145Z,2025-04-08T10:51:32.057Z
pkg349,st128,pt1,b1,2025-05-23T23:30:44.743Z,,0,false,2025-05-23T23:30:44.743Z,2025-02-07T15:47:46.935Z
pkg350,st128,pt3,b1,2025-06-29T09:48:41.335Z,,0,false,2025-06-29T09:48:41.335Z,2025-08-03T16:03:35.476Z
pkg351,st128,pt1,b1,2025-05-20T19:40:32.069Z,2025-12-16T06:10:53.933Z,0,false,2025-05-20T19:40:32.069Z,2025-11-01T15:53:49.240Z
pkg352,st128,pt2,b1,2025-07-11T16:00:00.000Z,2025-07-14T05:23:51.508Z,0,false,2025-07-11T16:00:00.000Z,2025-04-08T11:30:56.840Z
pkg353,st128,pt2,b1,2025-06-15T17:51:48.855Z,,10,false,2025-06-15T17:51:48.855Z,2025-10-24T01:43:56.161Z
pkg354,st129,pt3,b2,2025-04-17T06:54:17.994Z,,2,false,2025-04-17T06:54:17.994Z,2025-02-07T05:36:16.758Z
pkg355,st130,pt1,b3,2025-06-12T19:14:37.701Z,2025-11-19T18:43:17.574Z,0,false,2025-06-12T19:14:37.701Z,2025-10-13T17:41:25.074Z
pkg356,st130,pt3,b3,2025-05-30T07:00:15.419Z,2025-11-09T06:13:38.761Z,0,false,2025-05-30T07:00:15.419Z,2025-05-18T18:31:06.913Z
pkg357,st130,pt3,b3,2025-05-05T06:19:04.208Z,2025-11-09T16:27:04.667Z,0,false,2025-05-05T06:19:04.208Z,2025-12-12T18:08:15.451Z
pkg358,st130,pt3,b3,2025-06-16T14:25:15.523Z,,1,false,2025-06-16T14:25:15.523Z,2025-10-25T08:59:18.945Z
pkg359,st131,pt3,b1,2025-02-10T16:00:00.000Z,,0,false,2025-02-10T16:00:00.000Z,2025-01-28T03:59:24.581Z
pkg360,st131,pt2,b1,2025-05-27T18:27:00.286Z,,0,false,2025-05-27T18:27:00.286Z,2025-04-10T21:23:39.085Z
pkg361,st131,pt2,b1,2025-06-28T16:44:18.122Z,,7,false,2025-06-28T16:44:18.122Z,2025-12-30T07:47:22.157Z
pkg362,st132,pt2,b1,2025-05-23T11:44:11.084Z,,12,false,2025-05-23T11:44:11.084Z,2025-06-19T07:01:43.163Z
pkg363,st132,pt3,b1,2025-06-21T16:54:36.280Z,,0,false,2025-06-21T16:54:36.280Z,2025-06-21T14:57:17.365Z
pkg364,st132,pt2,b1,2025-06-17T16:22:41.267Z,2025-07-31T13:53:36.674Z,0,false,2025-06-17T16:22:41.267Z,2025-05-14T18:11:16.031Z
pkg365,st132,pt1,b1,2025-05-19T04:03:41.075Z,2025-12-06T21:43:05.358Z,0,false,2025-05-19T04:03:41.075Z,2025-03-30T06:11:17.692Z
pkg366,st133,pt3,b3,2025-05-30T20:31:46.027Z,,0,false,2025-05-30T20:31:46.027Z,2025-12-05T11:23:53.374Z
pkg367,st133,pt1,b3,2025-06-18T15:24:48.114Z,,0,false,2025-06-18T15:24:48.114Z,2025-05-25T11:30:45.895Z
pkg368,st133,pt3,b3,2025-05-04T02:04:57.034Z,2025-08-15T16:04:37.861Z,0,false,2025-05-04T02:04:57.034Z,2025-10-08T17:25:32.584Z
pkg369,st133,pt1,b3,2025-06-27T05:43:36.306Z,,0,false,2025-06-27T05:43:36.306Z,2025-04-24T00:31:25.654Z
pkg370,st134,pt3,b3,2025-05-21T03:42:55.486Z,,2,false,2025-05-21T03:42:55.486Z,2025-08-19T13:48:00.548Z
pkg371,st134,pt3,b3,2025-06-29T06:04:48.030Z,,0,false,2025-06-29T06:04:48.030Z,2025-02-18T15:39:36.349Z
pkg372,st135,pt3,b2,2025-04-13T08:52:54.806Z,,2,false,2025-04-13T08:52:54.806Z,2025-05-08T05:36:47.193Z
pkg373,st136,pt1,b1,2025-06-06T19:03:50.400Z,2025-11-18T17:05:47.603Z,0,false,2025-06-06T19:03:50.400Z,2025-09-09T21:12:48.637Z
pkg374,st136,pt3,b1,2025-08-15T16:00:00.000Z,,0,false,2025-08-15T16:00:00.000Z,2025-01-20T21:35:40.888Z
pkg375,st136,pt3,b1,2025-06-06T10:11:36.673Z,,1,false,2025-06-06T10:11:36.673Z,2025-08-17T04:29:29.437Z
pkg376,st136,pt3,b1,2025-05-25T14:03:54.511Z,,0,false,2025-05-25T14:03:54.511Z,2025-12-07T22:53:49.409Z
pkg377,st136,pt1,b1,2025-05-17T19:10:19.407Z,,0,false,2025-05-17T19:10:19.407Z,2025-03-20T19:36:46.185Z
pkg378,st137,pt1,b3,2025-06-11T22:15:04.518Z,,5,false,2025-06-11T22:15:04.518Z,2025-10-22T10:50:53.111Z
pkg379,st137,pt1,b3,2025-05-17T01:58:58.202Z,2025-08-25T12:38:18.463Z,0,false,2025-05-17T01:58:58.202Z,2025-11-02T01:03:40.886Z
pkg380,st138,pt3,b2,2025-04-22T16:58:34.437Z,,1,false,2025-04-22T16:58:34.437Z,2025-08-03T23:16:07.838Z
pkg381,st138,pt3,b2,2025-06-09T18:04:01.477Z,,0,false,2025-06-09T18:04:01.477Z,2025-09-15T18:56:12.612Z
pkg382,st139,pt3,b3,2025-07-20T16:00:00.000Z,,0,false,2025-07-20T16:00:00.000Z,2025-11-29T18:23:29.735Z
pkg383,st139,pt2,b3,2025-05-10T10:50:54.214Z,2025-12-12T14:33:57.925Z,0,false,2025-05-10T10:50:54.214Z,2025-09-24T23:16:56.863Z
pkg384,st139,pt2,b3,2025-06-27T16:46:41.329Z,,0,false,2025-06-27T16:46:41.329Z,2025-04-06T22:10:50.064Z
pkg385,st140,pt2,b1,2025-05-19T08:34:02.073Z,2025-08-30T22:27:01.618Z,0,false,2025-05-19T08:34:02.073Z,2025-01-06T06:14:34.738Z
pkg386,st140,pt2,b1,2025-06-18T18:36:19.086Z,,11,false,2025-06-18T18:36:19.086Z,2025-02-09T21:20:13.105Z
pkg387,st141,pt3,b2,2025-04-03T19:20:12.571Z,,1,false,2025-04-03T19:20:12.571Z,2025-12-26T08:08:09.044Z
pkg388,st142,pt3,b3,2025-06-19T19:48:04.583Z,,0,false,2025-06-19T19:48:04.583Z,2025-04-21T10:51:28.592Z
pkg389,st142,pt2,b3,2025-05-17T22:23:15.979Z,,3,false,2025-05-17T22:23:15.979Z,2025-10-17T09:54:39.202Z
pkg390,st143,pt3,b2,2025-04-28T17:17:32.324Z,,2,false,2025-04-28T17:17:32.324Z,2025-02-11T00:17:35.525Z
pkg391,st143,pt3,b2,2025-06-17T08:32:01.620Z,2025-11-13T12:12:18.667Z,0,false,2025-06-17T08:32:01.620Z,2025-05-25T20:15:37.013Z
pkg392,st144,pt3,b1,2025-09-19T16:00:00.000Z,,0,false,2025-09-19T16:00:00.000Z,2025-06-15T05:06:27.621Z
pkg393,st144,pt1,b1,2025-06-22T23:29:35.346Z,,6,false,2025-06-22T23:29:35.346Z,2025-11-19T07:30:44.132Z
pkg394,st144,pt3,b1,2025-05-15T16:48:41.181Z,2025-07-18T05:34:55.954Z,0,false,2025-05-15T16:48:41.181Z,2025-05-28T18:15:39.834Z
pkg395,st145,pt2,b1,2025-06-24T19:19:10.297Z,,5,false,2025-06-24T19:19:10.297Z,2025-09-08T21:12:11.114Z
pkg396,st145,pt2,b1,2025-05-24T16:54:05.286Z,2025-12-10T15:36:42.453Z,0,false,2025-05-24T16:54:05.286Z,2025-05-25T18:58:34.571Z
pkg397,st146,pt3,b3,2025-06-06T03:49:44.633Z,2025-09-01T02:58:38.447Z,0,false,2025-06-06T03:49:44.633Z,2025-08-30T23:32:36.421Z
pkg398,st146,pt3,b3,2025-05-23T12:47:15.731Z,2025-10-12T13:21:41.450Z,0,false,2025-05-23T12:47:15.731Z,2025-08-23T21:57:58.107Z
pkg399,st146,pt3,b3,2025-06-13T07:54:12.559Z,,0,false,2025-06-13T07:54:12.559Z,2025-10-27T14:28:20.488Z
pkg400,st146,pt2,b3,2025-05-21T20:51:31.208Z,,0,false,2025-05-21T20:51:31.208Z,2025-05-16T07:22:51.729Z
pkg401,st147,pt3,b2,2025-04-03T12:39:04.196Z,,2,false,2025-04-03T12:39:04.196Z,2025-12-21T01:08:29.428Z
pkg402,st148,pt2,b1,2025-06-09T23:21:44.326Z,,0,false,2025-06-09T23:21:44.326Z,2025-07-08T06:42:20.117Z
pkg403,st148,pt3,b1,2025-05-15T06:13:12.508Z,,1,false,2025-05-15T06:13:12.508Z,2025-04-17T02:12:06.229Z
pkg404,st149,pt3,b3,2025-06-07T18:48:36.005Z,,0,false,2025-06-07T18:48:36.005Z,2025-12-07T13:58:53.621Z
pkg405,st149,pt3,b3,2025-06-16T12:29:36.856Z,,2,false,2025-06-16T12:29:36.856Z,2025-03-18T21:16:23.276Z
pkg406,st149,pt3,b3,2025-05-10T08:20:56.716Z,,0,false,2025-05-10T08:20:56.716Z,2025-07-17T19:22:48.787Z
pkg407,st149,pt3,b3,2025-05-16T17:17:48.657Z,2025-10-12T15:19:01.802Z,0,false,2025-05-16T17:17:48.657Z,2025-11-21T04:24:43.148Z
pkg408,st150,pt1,b3,2025-05-25T14:29:59.773Z,2025-07-11T06:37:54.873Z,0,false,2025-05-25T14:29:59.773Z,2025-05-07T09:45:40.613Z
pkg409,st150,pt2,b3,2025-01-02T16:00:00.000Z,,0,false,2025-01-02T16:00:00.000Z,2025-03-20T08:02:59.538Z
pkg410,st150,pt1,b3,2025-06-27T14:35:44.767Z,2025-07-31T05:20:21.427Z,0,false,2025-06-27T14:35:44.767Z,2025-10-17T10:41:44.258Z
pkg411,st151,pt1,b1,2025-05-13T17:06:41.317Z,,0,false,2025-05-13T17:06:41.317Z,2025-05-04T15:39:17.949Z
pkg412,st151,pt2,b1,2025-04-08T16:00:00.000Z,,12,false,2025-04-08T16:00:00.000Z,2025-01-02T12:30:16.738Z
pkg413,st151,pt3,b1,2025-06-17T04:33:45.797Z,2025-11-13T12:55:19.326Z,0,false,2025-06-17T04:33:45.797Z,2025-03-01T19:25:20.607Z
pkg414,st152,pt3,b2,2025-04-14T01:22:04.447Z,,0,false,2025-04-14T01:22:04.447Z,2025-09-18T11:57:26.111Z
pkg415,st152,pt3,b2,2025-05-19T10:21:56.230Z,,1,false,2025-05-19T10:21:56.230Z,2025-12-07T02:12:55.015Z
pkg416,st153,pt3,b2,2025-04-04T10:23:03.924Z,,2,false,2025-04-04T10:23:03.924Z,2025-08-04T01:51:14.131Z
pkg417,st154,pt1,b1,2025-05-11T22:24:04.056Z,,3,false,2025-05-11T22:24:04.056Z,2025-01-22T16:27:43.778Z
pkg418,st154,pt3,b1,2025-06-17T15:41:54.413Z,2025-08-07T00:18:52.980Z,0,false,2025-06-17T15:41:54.413Z,2025-07-26T19:36:56.635Z
pkg419,st155,pt3,b1,2025-06-08T00:00:52.043Z,2025-10-08T03:07:18.184Z,0,false,2025-06-08T00:00:52.043Z,2025-03-29T09:51:45.523Z
pkg420,st155,pt2,b1,2025-05-19T12:30:13.481Z,,4,false,2025-05-19T12:30:13.481Z,2025-10-10T23:06:23.685Z
pkg421,st156,pt3,b1,2025-12-22T16:00:00.000Z,,0,false,2025-12-22T16:00:00.000Z,2025-10-09T10:10:03.692Z
pkg422,st156,pt1,b1,2025-05-20T09:01:43.401Z,2025-12-11T07:48:46.682Z,0,false,2025-05-20T09:01:43.401Z,2025-01-12T20:37:27.633Z
pkg423,st156,pt2,b1,2025-06-25T02:30:59.861Z,,10,false,2025-06-25T02:30:59.861Z,2025-01-28T04:51:27.927Z
pkg424,st157,pt3,b2,2025-04-15T05:35:07.031Z,,1,false,2025-04-15T05:35:07.031Z,2025-08-31T17:12:37.262Z
pkg425,st158,pt3,b3,2025-06-01T16:56:27.127Z,,2,false,2025-06-01T16:56:27.127Z,2025-05-20T19:49:22.440Z
pkg426,st158,pt1,b3,2025-05-22T09:23:06.820Z,,0,false,2025-05-22T09:23:06.820Z,2025-10-31T20:54:45.619Z
pkg427,st158,pt3,b3,2025-06-01T07:50:39.322Z,,0,false,2025-06-01T07:50:39.322Z,2025-10-16T10:12:18.849Z
pkg428,st158,pt2,b3,2025-05-16T00:30:11.707Z,,0,false,2025-05-16T00:30:11.707Z,2025-04-30T10:17:57.053Z
pkg429,st159,pt3,b1,2025-05-20T18:47:17.553Z,,0,false,2025-05-20T18:47:17.553Z,2025-09-03T08:19:18.148Z
pkg430,st159,pt1,b1,2025-06-23T17:43:42.627Z,,5,false,2025-06-23T17:43:42.627Z,2025-10-11T16:59:35.773Z
pkg431,st160,pt3,b2,2025-04-25T19:56:31.817Z,,2,false,2025-04-25T19:56:31.817Z,2025-05-16T20:24:33.388Z
pkg432,st161,pt2,b3,2025-06-19T17:52:29.833Z,,11,false,2025-06-19T17:52:29.833Z,2025-03-23T23:00:09.577Z
pkg433,st161,pt3,b3,2025-05-26T03:35:38.258Z,,0,false,2025-05-26T03:35:38.258Z,2025-02-23T06:07:55.814Z
pkg434,st161,pt2,b3,2025-05-28T03:50:25.915Z,2025-11-16T19:58:34.225Z,0,false,2025-05-28T03:50:25.915Z,2025-10-13T01:27:35.078Z
pkg435,st161,pt3,b3,2025-06-19T23:10:57.177Z,,0,false,2025-06-19T23:10:57.177Z,2025-04-11T00:37:19.737Z
pkg436,st162,pt1,b1,2025-05-13T22:37:38.344Z,2025-12-18T22:48:27.027Z,0,false,2025-05-13T22:37:38.344Z,2025-06-26T13:27:58.022Z
pkg437,st162,pt1,b1,2025-05-25T15:55:39.700Z,2025-10-02T21:46:22.735Z,0,false,2025-05-25T15:55:39.700Z,2025-12-21T03:56:27.497Z
pkg438,st162,pt2,b1,2025-06-24T21:54:02.469Z,,0,false,2025-06-24T21:54:02.469Z,2025-01-09T02:44:25.638Z
pkg439,st162,pt3,b1,2025-06-04T20:47:29.056Z,2025-12-29T15:46:13.610Z,0,false,2025-06-04T20:47:29.056Z,2025-07-01T04:31:27.284Z
pkg440,st163,pt2,b3,2025-05-25T13:18:20.581Z,,6,false,2025-05-25T13:18:20.581Z,2025-06-04T16:39:44.282Z
pkg441,st163,pt2,b3,2025-06-11T13:22:26.098Z,2025-09-30T11:51:23.015Z,0,false,2025-06-11T13:22:26.098Z,2025-12-21T18:41:50.348Z
pkg442,st163,pt2,b3,2025-06-16T21:28:52.031Z,2025-09-24T01:25:10.493Z,0,false,2025-06-16T21:28:52.031Z,2025-05-01T12:43:24.554Z
pkg443,st163,pt3,b3,2025-05-20T03:19:52.204Z,2025-11-27T06:29:54.582Z,0,false,2025-05-20T03:19:52.204Z,2025-04-09T09:14:42.754Z
pkg444,st164,pt3,b2,2025-04-06T02:11:40.565Z,2025-09-05T12:14:13.023Z,0,false,2025-04-06T02:11:40.565Z,2025-01-13T20:23:45.976Z
pkg445,st164,pt3,b2,2025-06-07T00:36:39.579Z,,1,false,2025-06-07T00:36:39.579Z,2025-10-28T19:25:34.239Z
pkg446,st165,pt3,b2,2025-04-01T01:23:45.465Z,,2,false,2025-04-01T01:23:45.465Z,2025-04-13T01:11:54.064Z
pkg447,st166,pt3,b2,2025-04-28T00:34:56.771Z,,2,false,2025-04-28T00:34:56.771Z,2025-12-02T04:46:33.109Z
pkg448,st167,pt3,b2,2025-04-07T13:32:20.608Z,2025-12-01T08:16:49.285Z,0,false,2025-04-07T13:32:20.608Z,2025-05-30T03:01:38.401Z
pkg449,st167,pt3,b2,2025-05-13T20:37:34.608Z,,1,false,2025-05-13T20:37:34.608Z,2025-11-19T08:02:38.608Z
pkg450,st168,pt3,b3,2025-05-14T19:51:09.055Z,,1,false,2025-05-14T19:51:09.055Z,2025-10-01T18:56:37.279Z
pkg451,st168,pt3,b3,2025-06-13T16:50:05.887Z,2025-11-14T04:20:04.649Z,0,false,2025-06-13T16:50:05.887Z,2025-07-30T11:23:25.393Z
pkg452,st168,pt3,b3,2025-10-19T16:00:00.000Z,,0,false,2025-10-19T16:00:00.000Z,2025-02-27T04:31:53.604Z
pkg453,st169,pt3,b2,2025-04-27T06:51:43.902Z,,1,false,2025-04-27T06:51:43.902Z,2025-01-06T17:11:23.821Z
pkg454,st169,pt3,b2,2025-05-18T22:34:00.318Z,2025-11-19T09:40:45.591Z,0,false,2025-05-18T22:34:00.318Z,2025-05-26T18:54:04.310Z
pkg455,st170,pt3,b2,2025-04-05T00:38:56.593Z,2025-11-22T08:39:52.791Z,0,false,2025-04-05T00:38:56.593Z,2025-06-26T07:31:06.439Z
pkg456,st170,pt3,b2,2025-05-24T23:05:06.109Z,,2,false,2025-05-24T23:05:06.109Z,2025-12-14T12:16:43.651Z
pkg457,st171,pt3,b2,2025-04-19T16:02:50.180Z,,2,false,2025-04-19T16:02:50.180Z,2025-08-13T10:42:12.628Z
pkg458,st172,pt3,b1,2025-05-28T13:46:10.565Z,2025-07-31T12:09:40.366Z,0,false,2025-05-28T13:46:10.565Z,2025-12-08T22:16:12.071Z
pkg459,st172,pt3,b1,2025-06-20T11:24:34.108Z,,0,false,2025-06-20T11:24:34.108Z,2025-10-09T22:22:03.749Z
pkg460,st173,pt3,b3,2025-06-27T22:16:56.677Z,,2,false,2025-06-27T22:16:56.677Z,2025-07-18T17:44:59.093Z
pkg461,st173,pt2,b3,2025-05-15T11:40:56.952Z,2025-11-01T17:31:10.648Z,0,false,2025-05-15T11:40:56.952Z,2025-01-26T02:13:09.038Z
pkg462,st173,pt2,b3,2025-05-04T14:47:13.363Z,,0,false,2025-05-04T14:47:13.363Z,2025-01-23T10:14:02.429Z
pkg463,st173,pt3,b3,2025-06-14T22:02:45.936Z,2025-08-18T17:03:41.103Z,0,false,2025-06-14T22:02:45.936Z,2025-03-24T14:30:38.278Z
pkg464,st174,pt1,b1,2025-05-21T17:04:49.505Z,,0,false,2025-05-21T17:04:49.505Z,2025-10-20T01:35:39.474Z
pkg465,st174,pt1,b1,2025-01-13T16:00:00.000Z,2025-10-16T06:48:07.157Z,0,false,2025-01-13T16:00:00.000Z,2025-07-24T12:40:07.913Z
pkg466,st174,pt2,b1,2025-06-01T09:02:27.521Z,2025-08-28T10:58:03.757Z,0,false,2025-06-01T09:02:27.521Z,2025-03-20T14:56:22.435Z
pkg467,st174,pt3,b1,2025-05-12T19:47:02.191Z,,0,false,2025-05-12T19:47:02.191Z,2025-08-16T16:39:30.163Z
pkg468,st174,pt1,b1,2025-06-02T14:37:35.397Z,2025-10-16T13:41:32.715Z,0,false,2025-06-02T14:37:35.397Z,2025-01-23T01:08:28.390Z
pkg469,st175,pt2,b1,2025-05-14T21:53:28.336Z,2025-08-06T02:15:23.038Z,0,false,2025-05-14T21:53:28.336Z,2025-03-21T12:09:11.510Z
pkg470,st175,pt2,b1,2025-06-23T03:40:52.988Z,2025-07-15T00:44:58.718Z,0,false,2025-06-23T03:40:52.988Z,2025-11-25T20:40:26.740Z
pkg471,st176,pt3,b1,2025-05-09T22:49:35.020Z,,0,false,2025-05-09T22:49:35.020Z,2025-09-02T07:25:23.570Z
pkg472,st176,pt2,b1,2025-06-17T11:21:24.620Z,,0,false,2025-06-17T11:21:24.620Z,2025-11-01T10:48:46.851Z
pkg473,st177,pt3,b2,2025-04-10T21:53:23.352Z,,1,false,2025-04-10T21:53:23.352Z,2025-09-30T23:58:01.566Z
pkg474,st178,pt2,b1,2025-05-24T07:24:42.297Z,,0,false,2025-05-24T07:24:42.297Z,2025-01-24T04:12:01.853Z
pkg475,st178,pt3,b1,2025-06-16T18:48:30.562Z,,1,false,2025-06-16T18:48:30.562Z,2025-08-29T15:25:58.386Z
pkg476,st178,pt1,b1,2025-06-29T08:14:51.546Z,2025-07-30T13:10:05.478Z,0,false,2025-06-29T08:14:51.546Z,2025-08-25T08:26:45.703Z
pkg477,st178,pt2,b1,2025-05-21T04:58:15.765Z,2025-07-24T15:46:55.806Z,0,false,2025-05-21T04:58:15.765Z,2025-05-06T02:35:25.731Z
pkg478,st179,pt2,b1,2025-06-03T03:03:56.924Z,2025-07-18T05:03:28.719Z,0,false,2025-06-03T03:03:56.924Z,2025-07-12T10:37:15.178Z
pkg479,st179,pt1,b1,2025-06-12T01:23:38.708Z,,0,false,2025-06-12T01:23:38.708Z,2025-06-19T01:10:07.905Z
pkg480,st179,pt1,b1,2025-05-17T19:23:38.756Z,,0,false,2025-05-17T19:23:38.756Z,2025-08-14T02:47:06.524Z
pkg481,st179,pt1,b1,2025-05-24T06:13:56.039Z,2025-09-23T15:07:49.260Z,0,false,2025-05-24T06:13:56.039Z,2025-02-28T19:45:12.840Z
pkg482,st180,pt1,b3,2025-05-14T09:49:56.538Z,,7,false,2025-05-14T09:49:56.538Z,2025-02-23T20:50:34.743Z
pkg483,st180,pt1,b3,2025-06-09T08:52:18.426Z,2025-11-18T01:35:16.642Z,0,false,2025-06-09T08:52:18.426Z,2025-10-14T03:54:20.317Z
pkg484,st180,pt3,b3,2025-07-08T16:00:00.000Z,,0,false,2025-07-08T16:00:00.000Z,2025-11-13T17:34:18.897Z
pkg485,st181,pt3,b3,2025-06-11T05:14:49.906Z,,0,false,2025-06-11T05:14:49.906Z,2025-02-24T01:12:41.534Z
pkg486,st181,pt3,b3,2025-05-23T01:15:45.398Z,2025-12-20T00:29:20.556Z,0,false,2025-05-23T01:15:45.398Z,2025-02-25T21:03:07.701Z
pkg487,st181,pt3,b3,2025-03-02T16:00:00.000Z,,1,false,2025-03-02T16:00:00.000Z,2025-07-25T23:46:56.638Z
pkg488,st181,pt3,b3,2025-05-07T05:38:11.362Z,,0,false,2025-05-07T05:38:11.362Z,2025-05-24T02:24:44.194Z
pkg489,st181,pt2,b3,2025-06-16T19:11:11.379Z,,0,false,2025-06-16T19:11:11.379Z,2025-06-25T16:49:00.966Z
pkg490,st182,pt1,b1,2025-07-04T16:00:00.000Z,,0,false,2025-07-04T16:00:00.000Z,2025-07-08T15:58:11.737Z
pkg491,st182,pt3,b1,2025-05-12T10:35:52.461Z,,2,false,2025-05-12T10:35:52.461Z,2025-11-06T17:27:24.960Z
pkg492,st182,pt1,b1,2025-06-15T23:32:27.207Z,2025-09-09T09:04:30.256Z,0,false,2025-06-15T23:32:27.207Z,2025-03-28T20:05:52.245Z
pkg493,st182,pt1,b1,2025-05-02T04:23:47.460Z,2025-12-19T10:24:09.405Z,0,false,2025-05-02T04:23:47.460Z,2025-10-26T21:59:28.062Z
pkg494,st182,pt1,b1,2025-06-07T18:58:58.300Z,2025-07-07T21:58:43.788Z,0,false,2025-06-07T18:58:58.300Z,2025-03-01T08:30:15.954Z
pkg495,st183,pt1,b3,2025-05-15T09:41:15.368Z,,0,false,2025-05-15T09:41:15.368Z,2025-09-16T05:36:15.503Z
pkg496,st183,pt1,b3,2025-06-04T02:44:26.356Z,,4,false,2025-06-04T02:44:26.356Z,2025-06-19T00:50:58.867Z
pkg497,st184,pt3,b2,2025-04-22T23:39:53.904Z,,2,false,2025-04-22T23:39:53.904Z,2025-02-05T05:43:26.264Z
pkg498,st185,pt2,b3,2025-05-14T15:05:58.562Z,,0,false,2025-05-14T15:05:58.562Z,2025-11-30T15:38:34.628Z
pkg499,st185,pt3,b3,2025-06-21T09:01:33.710Z,,1,false,2025-06-21T09:01:33.710Z,2025-02-19T15:07:38.094Z
pkg500,st186,pt1,b3,2025-06-08T01:33:01.557Z,,0,false,2025-06-08T01:33:01.557Z,2025-12-21T10:55:40.713Z
pkg501,st186,pt1,b3,2025-01-26T16:00:00.000Z,,5,false,2025-01-26T16:00:00.000Z,2025-07-16T16:46:26.646Z
pkg502,st186,pt2,b3,2025-05-16T00:26:36.922Z,2025-07-23T16:46:47.553Z,0,false,2025-05-16T00:26:36.922Z,2025-05-05T03:15:10.577Z
pkg503,st187,pt2,b3,2025-06-02T14:58:40.172Z,2025-08-19T07:16:32.491Z,0,false,2025-06-02T14:58:40.172Z,2025-07-17T04:06:48.166Z
pkg504,st187,pt2,b3,2025-05-27T19:39:22.957Z,,5,false,2025-05-27T19:39:22.957Z,2025-07-20T03:16:35.493Z
pkg505,st187,pt3,b3,2025-05-11T14:30:38.611Z,,0,false,2025-05-11T14:30:38.611Z,2025-03-06T02:50:26.954Z
pkg506,st187,pt1,b3,2025-06-09T10:53:44.186Z,,0,false,2025-06-09T10:53:44.186Z,2025-11-04T17:53:40.437Z
pkg507,st188,pt3,b2,2025-04-17T23:50:13.194Z,,0,false,2025-04-17T23:50:13.194Z,2025-03-08T17:11:01.555Z
pkg508,st188,pt3,b2,2025-05-02T04:54:21.396Z,,1,false,2025-05-02T04:54:21.396Z,2025-01-14T14:07:33.086Z
pkg509,st189,pt2,b1,2025-05-14T06:54:38.566Z,,1,false,2025-05-14T06:54:38.566Z,2025-08-07T01:34:30.690Z
pkg510,st189,pt1,b1,2025-06-06T20:25:07.930Z,2025-08-18T00:48:38.320Z,0,false,2025-06-06T20:25:07.930Z,2025-08-08T06:25:52.962Z
pkg511,st189,pt2,b1,2025-08-08T16:00:00.000Z,,0,false,2025-08-08T16:00:00.000Z,2025-01-07T20:24:38.870Z
pkg512,st190,pt2,b1,2025-06-11T18:18:02.590Z,2025-10-31T21:26:01.868Z,0,false,2025-06-11T18:18:02.590Z,2025-11-02T03:30:31.320Z
pkg513,st190,pt2,b1,2025-06-04T00:03:11.768Z,,12,false,2025-06-04T00:03:11.768Z,2025-06-23T21:22:23.343Z
pkg514,st190,pt3,b1,2025-05-18T20:49:16.363Z,2025-09-19T05:26:58.308Z,0,false,2025-05-18T20:49:16.363Z,2025-01-11T11:40:38.275Z
pkg515,st190,pt2,b1,2025-05-28T11:57:56.959Z,,0,false,2025-05-28T11:57:56.959Z,2025-03-26T07:33:32.098Z
pkg516,st190,pt2,b1,2025-08-21T16:00:00.000Z,2025-09-26T09:53:37.935Z,0,false,2025-08-21T16:00:00.000Z,2025-04-04T03:40:42.418Z
pkg517,st191,pt2,b3,2025-05-16T16:09:05.878Z,,0,false,2025-05-16T16:09:05.878Z,2025-04-07T02:27:36.852Z
pkg518,st191,pt1,b3,2025-08-14T16:00:00.000Z,,3,false,2025-08-14T16:00:00.000Z,2025-08-15T19:47:00.510Z
pkg519,st191,pt2,b3,2025-06-16T14:51:31.224Z,,0,false,2025-06-16T14:51:31.224Z,2025-11-30T17:27:45.025Z
pkg520,st192,pt3,b2,2025-04-07T21:24:50.870Z,,2,false,2025-04-07T21:24:50.870Z,2025-08-22T20:10:40.298Z
pkg521,st192,pt3,b2,2025-05-03T14:21:27.698Z,,0,false,2025-05-03T14:21:27.698Z,2025-05-29T23:58:55.417Z
pkg522,st193,pt1,b3,2025-06-01T04:57:17.629Z,2025-11-14T14:16:48.240Z,0,false,2025-06-01T04:57:17.629Z,2025-12-18T21:16:55.975Z
pkg523,st193,pt2,b3,2025-05-08T17:59:11.189Z,,8,false,2025-05-08T17:59:11.189Z,2025-10-25T11:23:27.987Z
pkg524,st194,pt3,b1,2025-08-11T16:00:00.000Z,,1,false,2025-08-11T16:00:00.000Z,2025-02-20T02:24:29.740Z
pkg525,st194,pt2,b1,2025-05-15T22:45:01.722Z,2025-08-02T03:40:46.634Z,0,false,2025-05-15T22:45:01.722Z,2025-07-03T13:31:46.596Z
pkg526,st194,pt1,b1,2025-06-13T10:20:33.321Z,2025-12-28T16:12:10.797Z,0,false,2025-06-13T10:20:33.321Z,2025-01-21T00:52:03.307Z
pkg527,st195,pt3,b3,2025-05-17T06:29:30.452Z,,2,false,2025-05-17T06:29:30.452Z,2025-07-15T19:36:47.598Z
pkg528,st195,pt2,b3,2025-05-17T02:37:50.782Z,2025-09-14T10:56:14.277Z,0,false,2025-05-17T02:37:50.782Z,2025-06-27T18:11:51.659Z
pkg529,st195,pt3,b3,2025-12-18T16:00:00.000Z,2025-11-12T08:26:42.636Z,0,false,2025-12-18T16:00:00.000Z,2025-06-05T06:11:55.762Z
pkg530,st195,pt2,b3,2025-06-10T22:01:13.160Z,2025-11-26T22:25:11.636Z,0,false,2025-06-10T22:01:13.160Z,2025-07-14T20:49:35.583Z
pkg531,st195,pt3,b3,2025-06-22T05:02:24.821Z,2025-08-18T08:45:22.229Z,0,false,2025-06-22T05:02:24.821Z,2025-02-10T07:11:31.079Z
pkg532,st196,pt1,b1,2025-06-11T02:59:35.905Z,2025-12-18T04:06:15.172Z,0,false,2025-06-11T02:59:35.905Z,2025-07-26T15:32:46.589Z
pkg533,st196,pt1,b1,2025-05-13T05:29:15.365Z,,2,false,2025-05-13T05:29:15.365Z,2025-01-12T00:38:40.340Z
pkg534,st196,pt2,b1,2025-05-09T15:35:56.991Z,,0,false,2025-05-09T15:35:56.991Z,2025-10-22T06:29:14.520Z
pkg535,st196,pt1,b1,2025-06-10T10:40:40.982Z,,0,false,2025-06-10T10:40:40.982Z,2025-11-10T03:43:20.121Z
pkg536,st197,pt3,b2,2025-04-19T00:28:56.257Z,,2,false,2025-04-19T00:28:56.257Z,2025-12-19T21:12:00.102Z
pkg537,st198,pt3,b2,2025-04-03T07:15:50.920Z,,1,false,2025-04-03T07:15:50.920Z,2025-12-23T17:16:47.422Z
pkg538,st199,pt3,b2,2025-04-26T07:43:58.083Z,,2,false,2025-04-26T07:43:58.083Z,2025-06-20T13:06:25.862Z
pkg539,st199,pt3,b2,2025-06-05T08:04:54.759Z,,0,false,2025-06-05T08:04:54.759Z,2025-02-04T11:56:29.465Z
pkg540,st200,pt3,b1,2025-06-08T08:08:40.070Z,2025-08-04T08:08:47.858Z,0,false,2025-06-08T08:08:40.070Z,2025-12-23T21:48:45.537Z
pkg541,st200,pt3,b1,2025-05-20T12:16:07.023Z,,2,false,2025-05-20T12:16:07.023Z,2025-03-02T15:02:25.913Z
